,recall_mean,recall_std,precision_mean,precision_std,iou_mean,iou_std,num_chunks,chunk_size,chunk_overlap
0,46.760894775390625,40.9653205871582,30.94964027404785,28.378376007080078,24.316776275634766,21.628625869750977,1,50,0
1,67.1933822631836,38.062744140625,23.683982849121094,18.403696060180664,21.625150680541992,16.511323928833008,2,50,0
2,73.84949493408203,33.586910247802734,17.920578002929688,12.331493377685547,16.831716537475586,11.41140365600586,3,50,0
3,74.13953399658203,33.71605682373047,13.490618705749512,9.314656257629395,12.857276916503906,8.76296329498291,4,50,0
4,75.8160171508789,32.7590446472168,11.21888542175293,7.751552104949951,10.816751480102539,7.386404514312744,5,50,0
5,80.51719665527344,30.180315017700195,10.421303749084473,7.429561614990234,10.163840293884277,7.149154186248779,6,50,0
6,80.53627014160156,30.19215965270996,8.9002103805542,6.310112953186035,8.71107292175293,6.104136943817139,7,50,0
7,81.74372863769531,29.777612686157227,8.008040428161621,5.796629428863525,7.8765106201171875,5.658868312835693,8,50,0
8,83.15375518798828,28.191070556640625,7.219550609588623,4.995792388916016,7.111331462860107,4.884713649749756,9,50,0
9,83.6077651977539,28.057069778442383,6.620407581329346,4.871365070343018,6.5469231605529785,4.801553726196289,10,50,0
10,45.85844802856445,40.318641662597656,30.732425689697266,29.371240615844727,24.515153884887695,22.937219619750977,1,50,25
11,70.3180160522461,37.88307571411133,24.5277042388916,18.081867218017578,22.746610641479492,16.19428253173828,2,50,25
12,79.88837432861328,31.731325149536133,19.094877243041992,11.618553161621094,18.114368438720703,10.721223831176758,3,50,25
13,82.94137573242188,29.027238845825195,15.441886901855469,9.429298400878906,14.8794584274292,8.896538734436035,4,50,25
14,86.40837860107422,25.479721069335938,13.124221801757812,8.277870178222656,12.823616027832031,8.021895408630371,5,50,25
15,87.98158264160156,24.57867431640625,11.12488842010498,6.898926734924316,10.927940368652344,6.714919090270996,6,50,25
16,89.6484146118164,22.655841827392578,9.926268577575684,6.340975284576416,9.78160572052002,6.187398910522461,7,50,25
17,89.6484146118164,22.655841827392578,8.724627494812012,5.607868194580078,8.611920356750488,5.485869407653809,8,50,25
18,90.70327758789062,21.798858642578125,7.856032371520996,4.997404098510742,7.769867897033691,4.899394512176514,9,50,25
19,91.18904876708984,21.1053409576416,7.142284870147705,4.523248195648193,7.073241233825684,4.436371326446533,10,50,25
20,48.603424072265625,43.894039154052734,18.8062801361084,19.531484603881836,17.154245376586914,18.209035873413086,1,100,0
21,61.466514587402344,41.679962158203125,12.038311004638672,10.71662425994873,11.534196853637695,10.35217571258545,2,100,0
22,70.2523422241211,39.497779846191406,9.355664253234863,8.051871299743652,9.177164077758789,7.95160436630249,3,100,0
23,83.57649993896484,29.448476791381836,8.452059745788574,6.088295936584473,8.368255615234375,6.089970111846924,4,100,0
24,89.70529174804688,23.908414840698242,7.380547046661377,5.354752063751221,7.353323459625244,5.350140571594238,5,100,0
25,90.14574432373047,23.78535270690918,6.199060916900635,4.495920658111572,6.182226181030273,4.492825508117676,6,100,0
26,93.0975112915039,20.30765724182129,5.44857120513916,3.810981273651123,5.438096523284912,3.807042360305786,7,100,0
27,95.9325180053711,15.092131614685059,4.901633262634277,3.2623291015625,4.894745349884033,3.2581000328063965,8,100,0
28,95.9325180053711,15.092131614685059,4.365447998046875,2.900485038757324,4.359981536865234,2.8971056938171387,9,100,0
29,97.66544342041016,9.916272163391113,3.9732935428619385,2.562520980834961,3.9692530632019043,2.5599374771118164,10,100,0
30,47.858306884765625,44.17559814453125,17.461917877197266,19.241727828979492,16.230499267578125,18.262184143066406,1,100,25
31,65.84403228759766,42.24387741088867,12.82618236541748,11.312129020690918,12.334504127502441,10.580015182495117,2,100,25
32,79.01063537597656,34.98551940917969,10.355660438537598,7.967492580413818,10.175119400024414,7.747956275939941,3,100,25
33,85.36087799072266,29.03140640258789,8.406390190124512,6.0263447761535645,8.31287956237793,5.950432777404785,4,100,25
34,88.42576599121094,25.820138931274414,7.041278839111328,4.771218776702881,6.9781975746154785,4.7205705642700195,5,100,25
35,91.10920715332031,22.877281188964844,6.194625377655029,4.376095771789551,6.172309875488281,4.373373508453369,6,100,25
36,94.34444427490234,18.391658782958984,5.4817399978637695,3.7497003078460693,5.471909523010254,3.7527196407318115,7,100,25
37,95.10943603515625,17.373672485351562,4.864857196807861,3.319103240966797,4.859961032867432,3.32068133354187,8,100,25
38,95.10943603515625,17.373672485351562,4.328207492828369,2.956218719482422,4.324309349060059,2.9574530124664307,9,100,25
39,96.5968246459961,14.293876647949219,3.9651272296905518,2.6356067657470703,3.962877035140991,2.636354684829712,10,100,25
40,62.563751220703125,42.17913818359375,22.255836486816406,18.866334915161133,20.623321533203125,17.457860946655273,1,100,50
41,75.38605499267578,37.84376525878906,14.294110298156738,10.842636108398438,13.806979179382324,10.153263092041016,2,100,50
42,79.83612060546875,34.58420181274414,10.264701843261719,7.552536487579346,10.053954124450684,7.205817222595215,3,100,50
43,82.37663269042969,33.87919616699219,8.204107284545898,6.8008198738098145,8.16333293914795,6.796996593475342,4,100,50
44,85.6551742553711,31.55864715576172,6.841968059539795,5.406110763549805,6.819042205810547,5.399778366088867,5,100,50
45,89.8927230834961,25.781522750854492,5.999378204345703,4.352144718170166,5.979866981506348,4.348263740539551,6,100,50
46,93.6558609008789,20.287931442260742,5.381330490112305,3.6841366291046143,5.369140148162842,3.681429147720337,7,100,50
47,96.21294403076172,15.627203941345215,4.921865463256836,3.3078198432922363,4.919399261474609,3.3088977336883545,8,100,50
48,96.21294403076172,15.627203941345215,4.378082275390625,2.95064377784729,4.376117706298828,2.9515113830566406,9,100,50
49,96.4685287475586,15.5278902053833,3.9556615352630615,2.6578550338745117,3.9548087120056152,2.6587867736816406,10,100,50
50,54.55769348144531,44.20216751098633,13.643216133117676,12.940106391906738,12.73629379272461,11.9237060546875,1,150,0
51,70.49533081054688,39.20002365112305,9.312363624572754,8.043642044067383,9.126806259155273,8.038214683532715,2,150,0
52,81.76396179199219,32.31644058227539,7.045169830322266,5.318180561065674,6.974789142608643,5.321271896362305,3,150,0
53,84.47816467285156,31.04885482788086,5.688329696655273,4.5340986251831055,5.6631550788879395,4.534193992614746,4,150,0
54,89.85671997070312,25.746442794799805,4.856873512268066,3.5562219619750977,4.843230724334717,3.5521390438079834,5,150,0
55,91.1725082397461,23.585205078125,4.09052848815918,2.9204251766204834,4.080987453460693,2.917614459991455,6,150,0
56,92.85717010498047,21.005861282348633,3.5998787879943848,2.496382474899292,3.5940773487091064,2.49518084526062,7,150,0
57,93.16316986083984,20.938188552856445,3.160642623901367,2.182816505432129,3.156301975250244,2.181790351867676,8,150,0
58,93.16316986083984,20.938188552856445,2.8073642253875732,1.940995693206787,2.8039515018463135,1.9401899576187134,9,150,0
59,93.16316986083984,20.938188552856445,2.526491165161133,1.7464605569839478,2.5237395763397217,1.7458271980285645,10,150,0
60,59.86298751831055,43.836395263671875,15.641563415527344,14.318992614746094,14.829522132873535,13.488287925720215,1,150,25
61,68.31172943115234,42.41779327392578,9.386034965515137,9.110910415649414,9.265586853027344,9.014275550842285,2,150,25
62,77.52272033691406,36.65525817871094,7.142582893371582,6.047852993011475,7.079595565795898,6.009247779846191,3,150,25
63,85.33094024658203,30.752368927001953,5.847230434417725,4.525737762451172,5.823747634887695,4.530203819274902,4,150,25
64,89.54949951171875,26.743972778320312,4.888841152191162,3.5526537895202637,4.8765411376953125,3.555677890777588,5,150,25
65,91.88996124267578,23.44863510131836,4.202310085296631,2.922377109527588,4.1935133934021,2.922966480255127,6,150,25
66,95.80223846435547,16.779132843017578,3.7620491981506348,2.463717222213745,3.7576258182525635,2.462418556213379,7,150,25
67,96.24877166748047,16.4296932220459,3.3266148567199707,2.2065112590789795,3.3251168727874756,2.2072641849517822,8,150,25
68,97.56455993652344,12.103565216064453,2.9718778133392334,1.9333781003952026,2.9706854820251465,1.933994174003601,9,150,25
69,98.00502014160156,11.563029289245605,2.6931159496307373,1.745745301246643,2.6924960613250732,1.7461743354797363,10,150,25
70,57.36594009399414,42.68153381347656,15.2806396484375,14.222159385681152,14.247068405151367,13.050071716308594,1,150,50
71,73.1546401977539,39.544898986816406,9.813163757324219,7.989250659942627,9.614370346069336,7.758900165557861,2,150,50
72,83.78628540039062,32.92242431640625,7.90877103805542,6.23893928527832,7.879289150238037,6.234891414642334,3,150,50
73,85.9961166381836,31.332014083862305,6.059248447418213,4.649552822113037,6.04417085647583,4.646419048309326,4,150,50
74,87.55974578857422,29.339468002319336,4.90269660949707,3.670621871948242,4.892507076263428,3.669036626815796,5,150,50
75,92.40653991699219,22.53387451171875,4.288717269897461,2.961214542388916,4.282701015472412,2.959030866622925,6,150,50
76,92.96725463867188,22.320247650146484,3.731076717376709,2.622009038925171,3.7294487953186035,2.622741460800171,7,150,50
77,94.80203247070312,19.59795570373535,3.3272430896759033,2.2615137100219727,3.3264267444610596,2.2616536617279053,8,150,50
78,96.1178207397461,16.261871337890625,2.9888129234313965,1.9858593940734863,2.9881691932678223,1.9859822988510132,9,150,50
79,96.1178207397461,16.261871337890625,2.6927578449249268,1.7865084409713745,2.6922316551208496,1.7866089344024658,10,150,50
80,54.959442138671875,41.83952713012695,14.407525062561035,13.434951782226562,13.415172576904297,12.341524124145508,1,150,75
81,72.80293273925781,39.83074188232422,9.815361022949219,8.806273460388184,9.687196731567383,8.70338249206543,2,150,75
82,78.9473648071289,36.00062942504883,7.1555256843566895,5.956303119659424,7.107202529907227,5.942407608032227,3,150,75
83,84.76972961425781,29.456863403320312,5.759710788726807,4.3004937171936035,5.7248077392578125,4.303143501281738,4,150,75
84,91.52142333984375,20.644054412841797,4.8836541175842285,3.377634048461914,4.863571643829346,3.375537633895874,5,150,75
85,95.97820281982422,12.781359672546387,4.321979999542236,2.825807571411133,4.3138041496276855,2.823117733001709,6,150,75
86,97.22311401367188,10.758231163024902,3.775851249694824,2.467271089553833,3.772606611251831,2.467372417449951,7,150,75
87,97.74942779541016,9.865747451782227,3.31052565574646,2.1516599655151367,3.3081488609313965,2.1516780853271484,8,150,75
88,98.44105529785156,7.97575569152832,2.953465700149536,1.9061884880065918,2.9516608715057373,1.9061802625656128,9,150,75
89,98.44105529785156,7.97575569152832,2.657449722290039,1.7082643508911133,2.6559975147247314,1.7082716226577759,10,150,75
90,61.98234558105469,45.100955963134766,13.299010276794434,13.050143241882324,12.950923919677734,12.759978294372559,1,200,0
91,84.19510650634766,32.740455627441406,9.007214546203613,7.091978549957275,8.970309257507324,7.081132888793945,2,200,0
92,88.1424789428711,28.0427188873291,6.212301731109619,4.62905216217041,6.195579528808594,4.6240458488464355,3,200,0
93,88.8341064453125,27.6760311126709,4.693675994873047,3.4630653858184814,4.684319972991943,3.4601144790649414,4,200,0
94,91.42932891845703,24.5400333404541,3.830003499984741,2.7355544567108154,3.8251829147338867,2.7334766387939453,5,200,0
95,94.72274017333984,18.744930267333984,3.285423755645752,2.216562271118164,3.2823989391326904,2.214991569519043,6,200,0
96,96.4789810180664,14.849285125732422,2.8546299934387207,1.8771207332611084,2.8527889251708984,1.87587308883667,7,200,0
97,97.34246826171875,13.006538391113281,2.5153515338897705,1.6273059844970703,2.514097213745117,1.6262383460998535,8,200,0
98,97.34246826171875,13.006538391113281,2.2329678535461426,1.4428846836090088,2.2319695949554443,1.4420322179794312,9,200,0
99,98.03680419921875,11.981836318969727,2.0251643657684326,1.2997914552688599,2.0245699882507324,1.2990552186965942,10,200,0
100,61.725521087646484,44.39069366455078,12.51219654083252,12.881227493286133,12.201776504516602,12.42980670928955,1,200,25
101,77.06845092773438,40.14816665649414,7.944450855255127,6.939140319824219,7.9053425788879395,6.931763648986816,2,200,25
102,92.03267669677734,24.179885864257812,6.161873817443848,4.269416332244873,6.140510559082031,4.26282262802124,3,200,25
103,94.00920104980469,22.54215431213379,4.821227550506592,3.374070405960083,4.818370819091797,3.3730709552764893,4,200,25
104,95.32498931884766,19.763696670532227,3.9203879833221436,2.650674343109131,3.9185914993286133,2.6501026153564453,5,200,25
105,95.32498931884766,19.763696670532227,3.2675507068634033,2.19879150390625,3.2663021087646484,2.1983988285064697,6,200,25
106,96.64077758789062,16.419382095336914,2.8185055255889893,1.8815356492996216,2.8175783157348633,1.8812378644943237,7,200,25
107,96.64077758789062,16.419382095336914,2.4666905403137207,1.6528924703598022,2.4659736156463623,1.652662754058838,8,200,25
108,97.1519546508789,13.798315048217773,2.211000442504883,1.4493101835250854,2.210064649581909,1.4493534564971924,9,200,25
109,97.1519546508789,13.798315048217773,1.9913262128829956,1.303905725479126,1.9905680418014526,1.3039389848709106,10,200,25
110,72.21668243408203,39.79718017578125,13.772941589355469,10.494232177734375,13.359671592712402,10.115612030029297,1,200,50
111,82.60031127929688,31.937631607055664,8.445513725280762,6.452395915985107,8.367688179016113,6.421918869018555,2,200,50
112,91.34675598144531,22.148311614990234,6.259858131408691,4.5570878982543945,6.248475551605225,4.562592506408691,3,200,50
113,93.40382385253906,20.947193145751953,4.812224388122559,3.407407760620117,4.809209823608398,3.4094078540802,4,200,50
114,94.08294677734375,20.303491592407227,3.8781650066375732,2.7161948680877686,3.8765993118286133,2.717183828353882,5,200,50
115,96.71452331542969,13.164006233215332,3.3103673458099365,2.205561637878418,3.309267044067383,2.206308126449585,6,200,50
116,97.4061508178711,11.874441146850586,2.848616361618042,1.8837155103683472,2.847858428955078,1.8842110633850098,7,200,50
117,97.4061508178711,11.874441146850586,2.4956631660461426,1.6511940956115723,2.495077133178711,1.6515740156173706,8,200,50
118,97.63835144042969,11.749696731567383,2.224505662918091,1.4674948453903198,2.224083662033081,1.4677659273147583,9,200,50
119,97.63835144042969,11.749696731567383,2.0060698986053467,1.3233505487442017,2.005730390548706,1.3235669136047363,10,200,50
120,72.47364807128906,41.83342361450195,14.663355827331543,12.764883041381836,14.343708038330078,12.210772514343262,1,200,75
121,83.58596801757812,35.832061767578125,8.749670028686523,6.790955543518066,8.718387603759766,6.738744735717773,2,200,75
122,90.96105194091797,28.16010284423828,6.177384376525879,4.523773670196533,6.175443172454834,4.524582386016846,3,200,75
123,94.06893920898438,22.32352066040039,4.789689540863037,3.2917380332946777,4.784146785736084,3.29287052154541,4,200,75
124,95.77767944335938,18.593120574951172,3.9129421710968018,2.6261212825775146,3.9093551635742188,2.6237080097198486,5,200,75
125,97.54000091552734,14.517152786254883,3.3319709300994873,2.2076382637023926,3.3314733505249023,2.207913875579834,6,200,75
126,97.62903594970703,14.511212348937988,2.856792688369751,1.8922110795974731,2.856555700302124,1.89248526096344,7,200,75
127,100.0,0.0,2.562429904937744,1.6177265644073486,2.562429904937744,1.6177265644073486,8,200,75
128,100.0,0.0,2.2787811756134033,1.437659502029419,2.2787811756134033,1.437659502029419,9,200,75
129,100.0,0.0,2.0536367893218994,1.298482894897461,2.0536367893218994,1.298482894897461,10,200,75
130,71.70460510253906,40.36952590942383,14.420682907104492,12.782814025878906,14.058300971984863,12.399542808532715,1,200,100
131,85.51232147216797,32.06978225708008,8.83860969543457,6.613107204437256,8.790427207946777,6.554446220397949,2,200,100
132,90.4360580444336,25.41792869567871,6.170655250549316,4.407864570617676,6.157207012176514,4.402987957000732,3,200,100
133,94.67678833007812,19.35572624206543,4.891852855682373,3.276730537414551,4.886141300201416,3.273189067840576,4,200,100
134,97.31646728515625,14.711247444152832,3.9636881351470947,2.5881614685058594,3.9610438346862793,2.5857882499694824,5,200,100
135,97.62903594970703,14.511212348937988,3.3325843811035156,2.203702688217163,3.3322701454162598,2.204068183898926,6,200,100
136,97.62903594970703,14.511212348937988,2.8561606407165527,1.8928817510604858,2.855921983718872,1.8931573629379272,7,200,100
137,97.62903594970703,14.511212348937988,2.5029304027557373,1.6600828170776367,2.5027472972869873,1.6602942943572998,8,200,100
138,100.0,0.0,2.277683973312378,1.4385170936584473,2.277683973312378,1.4385170936584473,9,200,100
139,100.0,0.0,2.0505449771881104,1.2961078882217407,2.0505449771881104,1.2961078882217407,10,200,100
140,61.04697799682617,46.51830291748047,9.778919219970703,9.910499572753906,9.580573081970215,9.81826114654541,1,250,0
141,83.70867156982422,35.077613830566406,6.976273536682129,5.617151260375977,6.953343391418457,5.599916458129883,2,250,0
142,89.49578094482422,29.05072784423828,4.950562477111816,3.7082571983337402,4.945957183837891,3.7077131271362305,3,250,0
143,95.0489730834961,19.926406860351562,3.9023096561431885,2.6817126274108887,3.8999810218811035,2.6814095973968506,4,250,0
144,95.0489730834961,19.926406860351562,3.122990608215332,2.145751476287842,3.1215195655822754,2.1455702781677246,5,250,0
145,97.78144836425781,12.145502090454102,2.6660430431365967,1.7483268976211548,2.665231466293335,1.7482236623764038,6,250,0
146,97.78144836425781,12.145502090454102,2.2873783111572266,1.4992008209228516,2.2867794036865234,1.499122142791748,7,250,0
147,97.78144836425781,12.145502090454102,2.0014326572418213,1.3098149299621582,2.000974655151367,1.3097549676895142,8,250,0
148,97.78144836425781,12.145502090454102,1.7797664403915405,1.1643835306167603,1.7793976068496704,1.1643294095993042,9,250,0
149,99.09723663330078,4.476746082305908,1.6193859577178955,1.0356537103652954,1.6190881729125977,1.0356162786483765,10,250,0
150,70.32243347167969,44.32118606567383,11.092442512512207,10.440247535705566,10.949178695678711,10.221945762634277,1,250,25
151,86.5751953125,32.66886901855469,6.9749627113342285,5.553929805755615,6.957180500030518,5.541862964630127,2,250,25
152,91.2396469116211,27.147371292114258,4.985373020172119,3.7281746864318848,4.982687473297119,3.72760272026062,3,250,25
153,93.87122344970703,22.649587631225586,3.840158224105835,2.708784341812134,3.8386306762695312,2.708495855331421,4,250,25
154,93.87944793701172,22.651697158813477,3.0761594772338867,2.1785056591033936,3.0752005577087402,2.1783416271209717,5,250,25
155,95.1982192993164,19.8978328704834,2.6108155250549316,1.788771152496338,2.6101608276367188,1.788699746131897,6,250,25
156,95.54578399658203,19.74740219116211,2.2413504123687744,1.5315587520599365,2.2409143447875977,1.5314732789993286,7,250,25
157,96.861572265625,16.38204002380371,1.978542685508728,1.3228328227996826,1.9782122373580933,1.3227747678756714,8,250,25
158,96.861572265625,16.38204002380371,1.7607245445251465,1.176297903060913,1.7604607343673706,1.1762492656707764,9,250,25
159,98.17736053466797,11.971637725830078,1.6048893928527832,1.0425282716751099,1.6046730279922485,1.0424904823303223,10,250,25
160,71.91094207763672,42.08281707763672,11.711984634399414,10.7049560546875,11.527539253234863,10.458239555358887,1,250,50
161,88.7060546875,28.543386459350586,7.3854079246521,5.653327465057373,7.373478889465332,5.656601428985596,2,250,50
162,91.84880828857422,23.02829933166504,5.07295560836792,3.6447787284851074,5.065648555755615,3.6475911140441895,3,250,50
163,94.02597045898438,20.980304718017578,3.9239227771759033,2.7401790618896484,3.922424793243408,2.740480661392212,4,250,50
164,96.26559448242188,17.026002883911133,3.1962063312530518,2.153987169265747,3.1953823566436768,2.154076099395752,5,250,50
165,97.58138275146484,12.899688720703125,2.6969940662384033,1.7725390195846558,2.6964340209960938,1.7726162672042847,6,250,50
166,98.02183532714844,12.39332389831543,2.3248209953308105,1.5158032178878784,2.324669122695923,1.5158085823059082,7,250,50
167,98.02183532714844,12.39332389831543,2.03413462638855,1.327834129333496,2.0340187549591064,1.3278392553329468,8,250,50
168,99.42203521728516,5.005310535430908,1.8241655826568604,1.1624609231948853,1.8241298198699951,1.162498950958252,9,250,50
169,99.42203521728516,5.005310535430908,1.6410735845565796,1.0458030700683594,1.6410444974899292,1.0458338260650635,10,250,50
170,65.65341186523438,45.13566589355469,11.1163911819458,11.288500785827637,10.981100082397461,11.11921501159668,1,250,75
171,82.56635284423828,36.2242317199707,6.711157321929932,5.39831018447876,6.684851169586182,5.400877952575684,2,250,75
172,85.64447021484375,33.15728759765625,4.628979206085205,3.5801243782043457,4.616321086883545,3.5762410163879395,3,250,75
173,94.2297134399414,22.541105270385742,3.889073133468628,2.699712038040161,3.887965440750122,2.6995790004730225,4,250,75
174,95.54550170898438,19.74781608581543,3.1269359588623047,2.1507906913757324,3.1262454986572266,2.150726318359375,5,250,75
175,96.86128997802734,16.3825626373291,2.6368086338043213,1.7651195526123047,2.6363213062286377,1.7650773525238037,6,250,75
176,98.17707824707031,11.97237777709961,2.285557270050049,1.4967319965362549,2.2852022647857666,1.4967070817947388,7,250,75
177,98.17707824707031,11.97237777709961,2.0027413368225098,1.315639615058899,2.0024666786193848,1.3156205415725708,8,250,75
178,98.17707824707031,11.97237777709961,1.778747320175171,1.1652889251708984,1.7785298824310303,1.1652719974517822,9,250,75
179,99.49286651611328,3.8502936363220215,1.6343412399291992,1.0355993509292603,1.6341643333435059,1.0355911254882812,10,250,75
180,81.60986328125,35.91313552856445,13.587111473083496,11.087040901184082,13.49764347076416,11.098349571228027,1,250,100
181,87.64590454101562,28.920103073120117,7.179393768310547,5.453517436981201,7.153103351593018,5.446560382843018,2,250,100
182,93.98823547363281,19.962356567382812,5.110434055328369,3.5115532875061035,5.101183891296387,3.5091288089752197,3,250,100
183,95.14366149902344,18.940959930419922,3.903090238571167,2.691962718963623,3.9011592864990234,2.692835807800293,4,250,100
184,96.01495361328125,17.802310943603516,3.164444923400879,2.1550722122192383,3.1641016006469727,2.1553680896759033,5,250,100
185,98.64653778076172,8.234868049621582,2.7031633853912354,1.749521017074585,2.702920913696289,1.7497423887252808,6,250,100
186,98.64653778076172,8.234868049621582,2.317992925643921,1.493216872215271,2.3178160190582275,1.4933795928955078,7,250,100
187,98.64653778076172,8.234868049621582,2.030020236968994,1.3114769458770752,2.029883623123169,1.3116018772125244,8,250,100
188,98.64653778076172,8.234868049621582,1.8058098554611206,1.1658025979995728,1.8056989908218384,1.165903091430664,9,250,100
189,99.33816528320312,5.731651782989502,1.6299461126327515,1.042840600013733,1.6298729181289673,1.0429028272628784,10,250,100
190,79.92073822021484,38.438743591308594,12.956158638000488,10.376238822937012,12.784992218017578,10.017165184020996,1,250,125
191,85.98065185546875,33.31000518798828,7.107323169708252,5.326420307159424,7.0762505531311035,5.2917351722717285,2,250,125
192,93.00938415527344,24.318191528320312,5.061852931976318,3.5137648582458496,5.055371284484863,3.5164334774017334,3,250,125
193,93.45591735839844,23.450714111328125,3.844618082046509,2.648780107498169,3.840672254562378,2.6468865871429443,4,250,125
194,95.57632446289062,19.809335708618164,3.1417040824890137,2.10064435005188,3.139888048171997,2.0990943908691406,5,250,125
195,97.36842346191406,16.00726890563965,2.6668992042541504,1.7778736352920532,2.6668992042541504,1.7778736352920532,6,250,125
196,98.68421173095703,11.395071983337402,2.3127849102020264,1.5047166347503662,2.3127849102020264,1.5047166347503662,7,250,125
197,98.68421173095703,11.395071983337402,2.0239217281341553,1.3148562908172607,2.0239217281341553,1.3148562908172607,8,250,125
198,98.68421173095703,11.395071983337402,1.8002800941467285,1.1723220348358154,1.8002800941467285,1.1723220348358154,9,250,125
199,100.0,0.0,1.6377665996551514,1.0369991064071655,1.6377665996551514,1.0369991064071655,10,250,125
200,67.03299713134766,43.096439361572266,9.1257905960083,8.575719833374023,8.957058906555176,8.412090301513672,1,300,0
201,74.05093383789062,39.743160247802734,5.147189140319824,4.655074119567871,5.116917610168457,4.636830806732178,2,300,0
202,79.4932861328125,36.11170959472656,3.6856637001037598,3.0181171894073486,3.6720123291015625,3.0101075172424316,3,300,0
203,82.74580383300781,33.859947204589844,2.8545708656311035,2.217343330383301,2.847536087036133,2.2129263877868652,4,300,0
204,88.23348999023438,28.62750816345215,2.465240240097046,1.8437917232513428,2.4630465507507324,1.843098521232605,5,300,0
205,90.6659164428711,25.056259155273438,2.111095666885376,1.529590368270874,2.11010479927063,1.5301647186279297,6,300,0
206,92.2291030883789,24.223421096801758,1.8259339332580566,1.300942063331604,1.8253209590911865,1.3012855052947998,7,300,0
207,92.2291030883789,24.223421096801758,1.5977656841278076,1.1372827291488647,1.5973011255264282,1.1375454664230347,8,300,0
208,92.2291030883789,24.223421096801758,1.4214692115783691,1.0109225511550903,1.4210973978042603,1.0111312866210938,9,300,0
209,93.35363006591797,23.525012969970703,1.2942477464675903,0.9090225100517273,1.2940502166748047,0.90913325548172,10,300,0
210,71.08605194091797,42.471561431884766,9.234382629394531,8.514022827148438,9.121295928955078,8.44478988647461,1,300,25
211,85.23668670654297,32.23522186279297,5.653984546661377,4.371617794036865,5.632065296173096,4.356809139251709,2,300,25
212,88.65882873535156,28.90534210205078,4.061002731323242,3.0100104808807373,4.054291725158691,3.0074408054351807,3,300,25
213,92.56817626953125,22.840049743652344,3.191380023956299,2.1985840797424316,3.1876564025878906,2.1972496509552,4,300,25
214,92.56817626953125,22.840049743652344,2.5540504455566406,1.754266381263733,2.5516738891601562,1.75346040725708,5,300,25
215,93.88396453857422,20.196910858154297,2.1453514099121094,1.439812183380127,2.1437106132507324,1.439284086227417,6,300,25
216,94.75211334228516,18.98685646057129,1.8486028909683228,1.2278462648391724,1.8474314212799072,1.2274460792541504,7,300,25
217,94.75211334228516,18.98685646057129,1.6171060800552368,1.0749619007110596,1.6162145137786865,1.0746606588363647,8,300,25
218,96.57080841064453,14.227356910705566,1.4714956283569336,0.9508184194564819,1.4709173440933228,0.9505211114883423,9,300,25
219,96.57080841064453,14.227356910705566,1.3229106664657593,0.8553394675254822,1.3224440813064575,0.8551024794578552,10,300,25
220,67.89816284179688,43.882774353027344,8.874439239501953,8.047920227050781,8.7298002243042,8.022459030151367,1,300,50
221,87.32599639892578,31.121532440185547,6.023154258728027,4.5895867347717285,6.007231712341309,4.582951545715332,2,300,50
222,91.48430633544922,25.495798110961914,4.205384731292725,3.0282626152038574,4.200847625732422,3.028343677520752,3,300,50
223,94.7589340209961,20.012470245361328,3.243206739425659,2.2346103191375732,3.2413322925567627,2.234461784362793,4,300,50
224,96.3647689819336,16.63671875,2.6217620372772217,1.7682304382324219,2.620734453201294,1.7681063413619995,5,300,50
225,99.43679809570312,3.4316518306732178,2.244126081466675,1.4347342252731323,2.2436511516571045,1.434615135192871,6,300,50
226,99.43679809570312,3.4316518306732178,1.9256874322891235,1.2319800853729248,1.9253379106521606,1.2318918704986572,7,300,50
227,99.43679809570312,3.4316518306732178,1.683603048324585,1.0720828771591187,1.683335304260254,1.0720149278640747,8,300,50
228,99.43679809570312,3.4316518306732178,1.4986153841018677,0.9541300535202026,1.498396873474121,0.9540703296661377,9,300,50
229,99.43679809570312,3.4316518306732178,1.3500617742538452,0.8610509037971497,1.3498865365982056,0.8610050082206726,10,300,50
230,69.90416717529297,44.55415725708008,9.3985013961792,8.930086135864258,9.29967975616455,8.776196479797363,1,300,75
231,88.79148864746094,30.069843292236328,6.015361309051514,4.592014312744141,6.004181861877441,4.584485054016113,2,300,75
232,91.60198974609375,27.00126838684082,4.162322521209717,3.1061272621154785,4.1614909172058105,3.1057522296905518,3,300,75
233,92.91777801513672,24.856754302978516,3.1749138832092285,2.2947487831115723,3.1744425296783447,2.2945451736450195,4,300,75
234,95.54935455322266,19.622690200805664,2.6234285831451416,1.8056529760360718,2.623131513595581,1.8055416345596313,5,300,75
235,95.63838958740234,19.627328872680664,2.1888391971588135,1.497795581817627,2.1887173652648926,1.4977627992630005,6,300,75
236,95.98595428466797,19.466951370239258,1.8769079446792603,1.2820899486541748,1.8768478631973267,1.2820411920547485,7,300,75
237,97.30174255371094,16.006725311279297,1.6613482236862183,1.1050646305084229,1.6613022089004517,1.105027437210083,8,300,75
238,98.6175308227539,11.402000427246094,1.4926254749298096,0.9694756269454956,1.4925893545150757,0.9694466590881348,9,300,75
239,98.6175308227539,11.402000427246094,1.3438390493392944,0.8721163868904114,1.3438094854354858,0.8720924258232117,10,300,75
240,75.80068969726562,40.807533264160156,10.162095069885254,8.993972778320312,10.063780784606934,8.847840309143066,1,300,100
241,91.542724609375,25.909452438354492,6.273723602294922,4.605014324188232,6.269381999969482,4.6057305335998535,2,300,100
242,93.36968994140625,22.020662307739258,4.278975009918213,3.011483907699585,4.27567195892334,3.0126867294311523,3,300,100
243,96.15192413330078,17.32024383544922,3.302431344985962,2.2349531650543213,3.301619529724121,2.23500657081604,4,300,100
244,99.47513580322266,3.874282121658325,2.7135202884674072,1.7313730716705322,2.7130343914031982,1.731375813484192,5,300,100
245,99.47513580322266,3.874282121658325,2.2683608531951904,1.44821035861969,2.26802659034729,1.4482167959213257,6,300,100
246,99.91558837890625,0.7310043573379517,1.9561371803283691,1.2407870292663574,1.9560729265213013,1.2407501935958862,7,300,100
247,99.91558837890625,0.7310043573379517,1.7108749151229858,1.0863784551620483,1.7108259201049805,1.086350440979004,8,300,100
248,100.0,0.0,1.521315574645996,0.9612143635749817,1.521315574645996,0.9612143635749817,9,300,100
249,100.0,0.0,1.367919683456421,0.8645704984664917,1.367919683456421,0.8645704984664917,10,300,100
250,68.28498840332031,44.13521194458008,9.447151184082031,9.340291023254395,9.351329803466797,9.221067428588867,1,300,125
251,82.56635284423828,36.2242317199707,5.57853889465332,4.50948429107666,5.559875965118408,4.511132717132568,2,300,125
252,86.40946197509766,32.807132720947266,3.911708116531372,3.0172770023345947,3.9048008918762207,3.0140459537506104,3,300,125
253,96.05667114257812,17.66050148010254,3.2943363189697266,2.184546947479248,3.292792320251465,2.1849617958068848,4,300,125
254,97.3724594116211,13.746282577514648,2.6530070304870605,1.7447665929794312,2.6520140171051025,1.7450536489486694,5,300,125
255,98.6882553100586,7.909778118133545,2.230865478515625,1.4342358112335205,2.2301743030548096,1.434443712234497,6,300,125
256,98.6882553100586,7.909778118133545,1.9154331684112549,1.2296620607376099,1.9149268865585327,1.2298166751861572,7,300,125
257,98.6882553100586,7.909778118133545,1.676160216331482,1.0778826475143433,1.675765037536621,1.0780003070831299,8,300,125
258,98.6882553100586,7.909778118133545,1.4899872541427612,0.9569741487503052,1.4896751642227173,0.9570670127868652,9,300,125
259,99.49286651611328,3.8502936363220215,1.3582711219787598,0.8617117404937744,1.3581485748291016,0.861705482006073,10,300,125
260,82.3205795288086,35.73512649536133,11.518502235412598,9.478764533996582,11.468925476074219,9.485130310058594,1,300,150
261,90.50183868408203,26.203369140625,6.1697258949279785,4.574058532714844,6.157510280609131,4.566862106323242,2,300,150
262,95.63570404052734,17.930952072143555,4.356334686279297,2.9506969451904297,4.352587699890137,2.947446346282959,3,300,150
263,95.94828033447266,17.7967472076416,3.290179491043091,2.2492990493774414,3.2896177768707275,2.2494583129882812,4,300,150
264,95.94828033447266,17.7967472076416,2.631847858428955,1.7955273389816284,2.6314926147460938,1.7956366539001465,5,300,150
265,98.64653778076172,8.234868049621582,2.2489025592803955,1.4549503326416016,2.248734712600708,1.4551036357879639,6,300,150
266,98.64653778076172,8.234868049621582,1.9306578636169434,1.248429536819458,1.9305349588394165,1.2485419511795044,7,300,150
267,98.64653778076172,8.234868049621582,1.6917346715927124,1.0949735641479492,1.6916366815567017,1.0950618982315063,8,300,150
268,98.64653778076172,8.234868049621582,1.5035161972045898,0.9716076254844666,1.5034394264221191,0.9716771841049194,9,300,150
269,99.33816528320312,5.731651782989502,1.356798768043518,0.8689061403274536,1.3567473888397217,0.8689496517181396,10,300,150
270,56.24618911743164,46.731414794921875,6.574893474578857,7.13303804397583,6.4644036293029785,7.102746963500977,1,350,0
271,71.3670425415039,42.6436767578125,4.1854634284973145,3.9586868286132812,4.160343170166016,3.9493026733398438,2,350,0
272,77.94598388671875,38.65301513671875,2.9643657207489014,2.5393824577331543,2.9528393745422363,2.5353612899780273,3,350,0
273,81.5025863647461,36.67580795288086,2.3208956718444824,1.9316797256469727,2.316225290298462,1.9315028190612793,4,350,0
274,85.449951171875,32.87595748901367,1.9252997636795044,1.5072975158691406,1.922289252281189,1.5073038339614868,5,350,0
275,88.08152770996094,29.78799819946289,1.6735204458236694,1.2391518354415894,1.671407699584961,1.239266276359558,6,350,0
276,88.08152770996094,29.78799819946289,1.4337372779846191,1.0592964887619019,1.432170033454895,1.0593712329864502,7,350,0
277,90.00238800048828,26.545312881469727,1.281416893005371,0.9107661247253418,1.2800447940826416,0.9108887910842896,8,350,0
278,92.2365493774414,23.423439025878906,1.1686328649520874,0.7982109189033508,1.167629599571228,0.7982789874076843,9,350,0
279,92.2365493774414,23.423439025878906,1.050398826599121,0.7162349820137024,1.0495843887329102,0.7162883281707764,10,350,0
280,71.79747772216797,41.95082473754883,8.11545181274414,7.9105916023254395,8.033796310424805,7.842408657073975,1,350,25
281,82.96710205078125,34.90642547607422,4.85407829284668,3.8315374851226807,4.834194183349609,3.815809726715088,2,350,25
282,86.4507827758789,31.727859497070312,3.408540725708008,2.5970804691314697,3.4017109870910645,2.5901105403900146,3,350,25
283,89.42617797851562,29.16497230529785,2.663115978240967,1.919775366783142,2.6602132320404053,1.9154847860336304,4,350,25
284,91.2265396118164,27.176916122436523,2.182047128677368,1.5505428314208984,2.1810696125030518,1.5487910509109497,5,350,25
285,91.2265396118164,27.176916122436523,1.8192611932754517,1.297155737876892,1.818586826324463,1.2959246635437012,6,350,25
286,91.73899841308594,26.969526290893555,1.5793324708938599,1.1115885972976685,1.5789169073104858,1.1106091737747192,7,350,25
287,93.0547866821289,24.815004348754883,1.4039404392242432,0.9654603004455566,1.4036285877227783,0.964722216129303,8,350,25
288,93.32015991210938,24.779993057250977,1.2552317380905151,0.862345814704895,1.2550560235977173,0.8617839217185974,9,350,25
289,97.26752471923828,16.0145320892334,1.1610400676727295,0.7422617077827454,1.1608978509902954,0.7417940497398376,10,350,25
290,71.83045959472656,41.25032043457031,8.334877014160156,7.535675048828125,8.23807430267334,7.494177341461182,1,350,50
291,79.34801483154297,36.68576431274414,4.707093238830566,4.003933906555176,4.692033290863037,3.9976539611816406,2,350,50
292,83.2953872680664,33.1446647644043,3.3114490509033203,2.6124866008758545,3.3045098781585693,2.6096298694610596,3,350,50
293,86.54790496826172,30.270055770874023,2.561570644378662,1.9179061651229858,2.558216094970703,1.9163830280303955,4,350,50
294,90.08850860595703,26.399370193481445,2.170117139816284,1.6063382625579834,2.1695573329925537,1.6067010164260864,5,350,50
295,92.81828308105469,21.901981353759766,1.8557990789413452,1.304775357246399,1.8554338216781616,1.3050384521484375,6,350,50
296,94.3814697265625,20.782819747924805,1.6043447256088257,1.1083662509918213,1.6041598320007324,1.1084940433502197,7,350,50
297,94.3814697265625,20.782819747924805,1.4040664434432983,0.9700451493263245,1.403925895690918,0.9701424241065979,8,350,50
298,94.3814697265625,20.782819747924805,1.249031662940979,0.8626142144203186,1.248919129371643,0.8626914024353027,9,350,50
299,95.50599670410156,19.842803955078125,1.137413740158081,0.7745392918586731,1.1373991966247559,0.7745537161827087,10,350,50
300,71.83909606933594,41.891658782958984,7.99337911605835,7.3407673835754395,7.9132537841796875,7.29738187789917,1,350,75
301,85.98973083496094,31.126760482788086,4.878697872161865,3.7328708171844482,4.863275051116943,3.7232437133789062,2,350,75
302,90.32075500488281,25.783897399902344,3.5648555755615234,2.549309492111206,3.5591695308685303,2.5471508502960205,3,350,75
303,93.32122039794922,20.985509872436523,2.7540955543518066,1.8794962167739868,2.7515034675598145,1.8787941932678223,4,350,75
304,93.32122039794922,20.985509872436523,2.202472686767578,1.4971455335617065,2.200829267501831,1.4967355728149414,5,350,75
305,94.06643676757812,20.188688278198242,1.8437124490737915,1.2366670370101929,1.8426214456558228,1.2363436222076416,6,350,75
306,94.9345932006836,18.969762802124023,1.5893645286560059,1.053436517715454,1.5885883569717407,1.053189992904663,7,350,75
307,94.9345932006836,18.969762802124023,1.391291856765747,0.9245219826698303,1.3907041549682617,0.9243412017822266,8,350,75
308,96.75328826904297,14.181151390075684,1.2661155462265015,0.8175646662712097,1.2657470703125,0.8173752427101135,9,350,75
309,96.75328826904297,14.181151390075684,1.1383942365646362,0.7350582480430603,1.138096809387207,0.7349067330360413,10,350,75
310,71.86112976074219,42.84470748901367,7.999004364013672,6.974467754364014,7.90744161605835,6.960413455963135,1,350,100
311,89.05264282226562,29.16206932067871,5.259396076202393,3.9251105785369873,5.249391555786133,3.919968366622925,2,350,100
312,93.21094512939453,22.749788284301758,3.6642661094665527,2.5754523277282715,3.661740303039551,2.575326681137085,3,350,100
313,95.84252166748047,16.828598022460938,2.7993290424346924,1.894797444343567,2.7978851795196533,1.894750952720642,4,350,100
314,97.44834899902344,12.490121841430664,2.265401601791382,1.5019233226776123,2.2646028995513916,1.5018692016601562,5,350,100
315,99.43679809570312,3.4316518306732178,1.925014853477478,1.2334015369415283,1.9246658086776733,1.2333139181137085,6,350,100
316,99.43679809570312,3.4316518306732178,1.65117609500885,1.0573593378067017,1.6509190797805786,1.057294487953186,7,350,100
317,99.43679809570312,3.4316518306732178,1.4436945915222168,0.9209996461868286,1.4434970617294312,0.9209485054016113,8,350,100
318,99.43679809570312,3.4316518306732178,1.2852097749710083,0.8191567659378052,1.285047173500061,0.8191109299659729,9,350,100
319,99.43679809570312,3.4316518306732178,1.1583143472671509,0.740074098110199,1.15818452835083,0.7400395274162292,10,350,100
320,71.4818344116211,43.81892776489258,8.160842895507812,7.620960712432861,8.088478088378906,7.512004852294922,1,350,125
321,89.30894470214844,29.043180465698242,5.189311981201172,3.9006245136260986,5.17978048324585,3.8967068195343018,2,350,125
322,91.94660186767578,26.229429244995117,3.586501359939575,2.645766258239746,3.5854580402374268,2.6462748050689697,3,350,125
323,93.26239013671875,23.99720573425293,2.7384071350097656,1.9563063383102417,2.7378036975860596,1.9566287994384766,4,350,125
324,95.63838958740234,19.627328872680664,2.2543303966522217,1.5507985353469849,2.2542028427124023,1.5507667064666748,5,350,125
325,95.63838958740234,19.627328872680664,1.8772263526916504,1.2884180545806885,1.8771374225616455,1.2883946895599365,6,350,125
326,95.98595428466797,19.466951370239258,1.6097702980041504,1.1023540496826172,1.6097263097763062,1.102318525314331,7,350,125
327,97.30174255371094,16.006725311279297,1.424789309501648,0.9499096274375916,1.424755573272705,0.9498822093009949,8,350,125
328,98.6175308227539,11.402000427246094,1.2785966396331787,0.8339340686798096,1.2785701751708984,0.8339129090309143,9,350,125
329,98.6175308227539,11.402000427246094,1.1506563425064087,0.7505042552947998,1.150634765625,0.7504869103431702,10,350,125
330,76.79016876220703,40.87616729736328,8.886996269226074,8.063036918640137,8.843826293945312,8.015442848205566,1,350,150
331,91.542724609375,25.909452438354492,5.382871150970459,3.977287530899048,5.379658222198486,3.977808952331543,2,350,150
332,94.17430114746094,21.112281799316406,3.7132391929626465,2.60530424118042,3.7117812633514404,2.605637550354004,3,350,150
333,96.15192413330078,17.32024383544922,2.8285396099090576,1.9219039678573608,2.827937602996826,1.9219424724578857,4,350,150
334,99.91558837890625,0.7310043573379517,2.3381433486938477,1.4895485639572144,2.338050127029419,1.4894933700561523,5,350,150
335,99.91558837890625,0.7310043573379517,1.9540276527404785,1.2439634799957275,1.953963279724121,1.2439264059066772,6,350,150
336,99.91558837890625,0.7310043573379517,1.6760071516036987,1.0644556283950806,1.6759601831436157,1.0644288063049316,7,350,150
337,99.91558837890625,0.7310043573379517,1.4653412103652954,0.93094402551651,1.465305209159851,0.9309235215187073,8,350,150
338,100.0,0.0,1.3030214309692383,0.8235692977905273,1.3030214309692383,0.8235692977905273,9,350,150
339,100.0,0.0,1.1717398166656494,0.7407943606376648,1.1717398166656494,0.7407943606376648,10,350,150
340,70.07411193847656,43.3272819519043,8.34938907623291,8.097155570983887,8.275491714477539,7.984096527099609,1,350,175
341,83.03968811035156,35.764610290527344,4.84762716293335,3.9056644439697266,4.833148002624512,3.9001963138580322,2,350,175
342,86.8827896118164,32.73695755004883,3.3983335494995117,2.664642810821533,3.3957254886627197,2.6646203994750977,3,350,175
343,96.05667114257812,17.66050148010254,2.8293349742889404,1.8777908086776733,2.8281662464141846,1.8781095743179321,4,350,175
344,97.3724594116211,13.746282577514648,2.276186943054199,1.49617600440979,2.2754404544830322,1.4963934421539307,5,350,175
345,99.12870788574219,6.984416961669922,1.9243119955062866,1.2308024168014526,1.9239801168441772,1.2309255599975586,6,350,175
346,99.12870788574219,6.984416961669922,1.6509090662002563,1.0548181533813477,1.6506649255752563,1.054908275604248,7,350,175
347,99.12870788574219,6.984416961669922,1.4435744285583496,0.9214668273925781,1.443385124206543,0.9215364456176758,8,350,175
348,99.12870788574219,6.984416961669922,1.2838901281356812,0.8191809058189392,1.2837406396865845,0.8192355632781982,9,350,175
349,99.9333267211914,0.5774527192115784,1.1701854467391968,0.7383551597595215,1.1701632738113403,0.7383372187614441,10,350,175
350,54.45315170288086,48.76838684082031,5.554444789886475,6.894853115081787,5.530218124389648,6.8860344886779785,1,400,0
351,70.20745849609375,44.7872428894043,3.865731954574585,3.86295485496521,3.863292932510376,3.8636255264282227,2,400,0
352,76.97127532958984,41.67353820800781,2.8549771308898926,2.5507800579071045,2.8549115657806396,2.5508365631103516,3,400,0
353,79.60285186767578,39.84727096557617,2.183528184890747,1.8815882205963135,2.1834897994995117,1.8816229104995728,4,400,0
354,82.23443603515625,37.75016403198242,1.7750394344329834,1.480963945388794,1.7750145196914673,1.4809871912002563,5,400,0
355,83.55022430419922,36.58573532104492,1.4901255369186401,1.2194277048110962,1.490107536315918,1.2194448709487915,6,400,0
356,87.49758911132812,32.52790069580078,1.3157505989074707,1.0205491781234741,1.3157374858856201,1.0205624103546143,7,400,0
357,88.8133773803711,30.946002960205078,1.163198471069336,0.8827081918716431,1.1631884574890137,0.882718563079834,8,400,0
358,90.83503723144531,27.63898468017578,1.054608702659607,0.7750941514968872,1.0545560121536255,0.7751272320747375,9,400,0
359,93.4352798461914,23.406150817871094,0.9653656482696533,0.6866448521614075,0.9653235077857971,0.6866728663444519,10,400,0
360,52.2961311340332,48.311012268066406,5.407163143157959,6.861063003540039,5.335829257965088,6.692461013793945,1,400,25
361,64.77093505859375,46.15284729003906,3.4719390869140625,3.5601139068603516,3.4560787677764893,3.5374059677124023,2,400,25
362,74.457763671875,41.8108024597168,2.5886287689208984,2.298957586288452,2.5812456607818604,2.2863433361053467,3,400,25
363,82.26477813720703,36.242191314697266,2.1418707370758057,1.6703790426254272,2.137711524963379,1.6634864807128906,4,400,25
364,87.5279312133789,30.759817123413086,1.7695637941360474,1.2751268148422241,1.7669161558151245,1.2706819772720337,5,400,25
365,90.15951538085938,27.234642028808594,1.5248193740844727,1.0481343269348145,1.5229904651641846,1.0451178550720215,6,400,25
366,90.6060562133789,27.11384391784668,1.3227872848510742,0.9242324233055115,1.3217887878417969,0.9224414229393005,7,400,25
367,90.6060562133789,27.11384391784668,1.1592271327972412,0.8138619065284729,1.158452033996582,0.8124503493309021,8,400,25
368,94.55342102050781,19.9751033782959,1.0639379024505615,0.6950392723083496,1.0633260011672974,0.6939110159873962,9,400,25
369,94.55342102050781,19.9751033782959,0.9579240083694458,0.6245216131210327,0.9574266672134399,0.6236017346382141,10,400,25
370,56.24618911743164,46.731414794921875,5.768453598022461,6.331637382507324,5.683102130889893,6.3087639808654785,1,400,50
371,71.3670425415039,42.6436767578125,3.674680709838867,3.496685028076172,3.6553680896759033,3.489417791366577,2,400,50
372,77.94598388671875,38.65301513671875,2.603771924972534,2.2417304515838623,2.594909906387329,2.2386012077331543,3,400,50
373,81.5025863647461,36.67580795288086,2.038886785507202,1.706316590309143,2.0353305339813232,1.706211805343628,4,400,50
374,85.449951171875,32.87595748901367,1.6914108991622925,1.3301970958709717,1.6891027688980103,1.3302109241485596,5,400,50
375,88.08152770996094,29.78799819946289,1.4702883958816528,1.0925813913345337,1.4686671495437622,1.0926755666732788,6,400,50
376,88.08152770996094,29.78799819946289,1.2590986490249634,0.9328126907348633,1.257893681526184,0.9328723549842834,7,400,50
377,90.7131118774414,26.076242446899414,1.1403056383132935,0.8071984648704529,1.139358401298523,0.8072664737701416,8,400,50
378,92.947265625,22.82101058959961,1.0400280952453613,0.7069199085235596,1.0393433570861816,0.7069475054740906,9,400,50
379,93.19052124023438,21.90928077697754,0.9358307719230652,0.6311973929405212,0.9352676868438721,0.6312313079833984,10,400,50
380,74.39938354492188,41.29683303833008,7.352232456207275,6.943488121032715,7.301049709320068,6.8936638832092285,1,400,75
381,84.92594146728516,33.4416618347168,4.328327178955078,3.326103448867798,4.314680576324463,3.313995361328125,2,400,75
382,88.40962219238281,29.8813533782959,3.039515972137451,2.2546873092651367,3.0349721908569336,2.2491681575775146,3,400,75
383,90.7419662475586,27.296724319458008,2.345693588256836,1.66521155834198,2.3434484004974365,1.6618552207946777,4,400,75
384,93.85811614990234,22.686511993408203,1.9368529319763184,1.3288848400115967,1.936145544052124,1.327492594718933,5,400,75
385,94.3705825805664,22.377470016479492,1.6262849569320679,1.114179253578186,1.6258686780929565,1.113115906715393,6,400,75
386,95.68637084960938,19.551345825195312,1.4125546216964722,0.941525399684906,1.4122508764266968,0.9407404065132141,7,400,75
387,95.95173645019531,19.471057891845703,1.2411341667175293,0.8250944018363953,1.2409592866897583,0.8245093822479248,8,400,75
388,95.95173645019531,19.471057891845703,1.1047321557998657,0.7361328601837158,1.1045936346054077,0.7356703877449036,9,400,75
389,98.58331298828125,11.416897773742676,1.0154114961624146,0.6412711143493652,1.0153000354766846,0.6408929228782654,10,400,75
390,72.64060974121094,41.43780517578125,7.335130214691162,6.5840888023376465,7.262633323669434,6.552130222320557,1,400,100
391,81.47396850585938,35.6099967956543,4.190098762512207,3.454758644104004,4.179121494293213,3.4499902725219727,2,400,100
392,85.42133331298828,31.686141967773438,2.945359945297241,2.2483601570129395,2.9403164386749268,2.2462167739868164,3,400,100
393,88.6738510131836,28.42340087890625,2.276437759399414,1.6498385667800903,2.2740275859832764,1.6486873626708984,4,400,100
394,91.98226165771484,23.956506729125977,1.9239062070846558,1.382557988166809,1.9235191345214844,1.3828089237213135,5,400,100
395,93.396240234375,21.500627517700195,1.6292810440063477,1.137033462524414,1.6290309429168701,1.1372085809707642,6,400,100
396,94.95943450927734,20.314992904663086,1.4080877304077148,0.9646760821342468,1.407967209815979,0.9647536873817444,7,400,100
397,94.95943450927734,20.314992904663086,1.2322251796722412,0.8448166847229004,1.2321337461471558,0.8448758721351624,8,400,100
398,94.95943450927734,20.314992904663086,1.0962238311767578,0.7517341375350952,1.0961501598358154,0.751781165599823,9,400,100
399,96.0839614868164,19.318653106689453,0.9987059235572815,0.6751083135604858,0.9987058043479919,0.6751085519790649,10,400,100
400,72.5843276977539,41.88222885131836,7.040632724761963,6.411215782165527,6.9797043800354,6.377574443817139,1,400,125
401,87.5395736694336,30.30660057067871,4.356924057006836,3.2796471118927,4.347095966339111,3.2715439796447754,2,400,125
402,92.2394790649414,24.423744201660156,3.1992108821868896,2.2507965564727783,3.196751832962036,2.2492785453796387,3,400,125
403,94.87105560302734,19.164575576782227,2.4573097229003906,1.6456314325332642,2.455906629562378,1.6448229551315308,4,400,125
404,94.87105560302734,19.164575576782227,1.9657989740371704,1.3116064071655273,1.9649114608764648,1.3111194372177124,5,400,125
405,94.87105560302734,19.164575576782227,1.6375399827957153,1.088937759399414,1.6369216442108154,1.0885971784591675,6,400,125
406,95.73920440673828,17.836833953857422,1.4117600917816162,0.9271173477172852,1.4113245010375977,0.926854133605957,7,400,125
407,95.73920440673828,17.836833953857422,1.2360371351242065,0.8146395683288574,1.2357079982757568,0.8144428133964539,8,400,125
408,96.75328826904297,14.181151390075684,1.110475778579712,0.7175899744033813,1.1101948022842407,0.7174475193023682,9,400,125
409,96.75328826904297,14.181151390075684,0.9981977343559265,0.6445629596710205,0.9979708790779114,0.6444483399391174,10,400,125
410,72.6872329711914,42.64763641357422,7.119630336761475,6.113814830780029,7.045071125030518,6.095818996429443,1,400,150
411,89.44857025146484,29.06930160522461,4.642359733581543,3.461205244064331,4.635706901550293,3.456404685974121,2,400,150
412,93.44314575195312,22.727828979492188,3.222317934036255,2.2570247650146484,3.220445156097412,2.2568607330322266,3,400,150
413,96.0747299194336,16.762489318847656,2.461977958679199,1.660374402999878,2.4609131813049316,1.6603024005889893,4,400,150
414,97.68055725097656,12.370796203613281,1.9923133850097656,1.3155159950256348,1.991727352142334,1.3154510259628296,5,400,150
415,99.43679809570312,3.4316518306732178,1.6900297403335571,1.0815949440002441,1.6897598505020142,1.0815263986587524,6,400,150
416,99.43679809570312,3.4316518306732178,1.4498646259307861,0.9277348518371582,1.449665904045105,0.9276841282844543,7,400,150
417,99.43679809570312,3.4316518306732178,1.2676513195037842,0.8083292841911316,1.26749849319458,0.8082892894744873,8,400,150
418,99.43679809570312,3.4316518306732178,1.1283323764801025,0.7184706926345825,1.1282058954238892,0.7184340357780457,9,400,150
419,99.43679809570312,3.4316518306732178,1.0174014568328857,0.6498414278030396,1.0173004865646362,0.6498138904571533,10,400,150
420,71.9366683959961,43.250301361083984,7.203749656677246,6.676093101501465,7.145417213439941,6.591602325439453,1,400,175
421,89.56453704833984,28.50758934020996,4.589430332183838,3.4283194541931152,4.581451892852783,3.4252827167510986,2,400,175
422,92.20219421386719,25.608808517456055,3.1669673919677734,2.315614700317383,3.165803909301758,2.315934181213379,3,400,175
423,93.51798248291016,23.302820205688477,2.4193718433380127,1.7109488248825073,2.4187068939208984,1.7111533880233765,4,400,175
424,95.63838958740234,19.627328872680664,1.983104944229126,1.3648179769515991,1.9830063581466675,1.3647924661636353,5,400,175
425,95.63838958740234,19.627328872680664,1.6506952047348022,1.1337987184524536,1.6506261825561523,1.1337802410125732,6,400,175
426,95.98595428466797,19.466951370239258,1.4152235984802246,0.9701752662658691,1.4151896238327026,0.9701477289199829,7,400,175
427,97.30174255371094,16.006725311279297,1.252821922302246,0.8359320759773254,1.2527958154678345,0.8359109163284302,8,400,175
428,98.6175308227539,11.402000427246094,1.1241012811660767,0.7339239716529846,1.1240806579589844,0.7339074015617371,9,400,175
429,98.6175308227539,11.402000427246094,1.0110764503479004,0.6597700119018555,1.0110597610473633,0.6597564816474915,10,400,175
430,78.092529296875,40.008914947509766,7.856609344482422,7.035638332366943,7.822940349578857,6.999474048614502,1,400,200
431,91.79830932617188,25.087947845458984,4.734879493713379,3.4655518531799316,4.731302738189697,3.467003107070923,2,400,200
432,94.25871276855469,21.122575759887695,3.2542850971221924,2.2856228351593018,3.253363847732544,2.2860138416290283,3,400,200
433,96.23633575439453,17.32316017150879,2.479308843612671,1.68669593334198,2.478959798812866,1.686797022819519,4,400,200
434,100.0,0.0,2.0487453937530518,1.3064284324645996,2.0487453937530518,1.3064284324645996,5,400,200
435,100.0,0.0,1.711706280708313,1.0899357795715332,1.711706280708313,1.0899357795715332,6,400,200
436,100.0,0.0,1.4684990644454956,0.9329038262367249,1.4684990644454956,0.9329038262367249,7,400,200
437,100.0,0.0,1.2835224866867065,0.8158560395240784,1.2835224866867065,0.8158560395240784,8,400,200
438,100.0,0.0,1.1397327184677124,0.7208555340766907,1.1397327184677124,0.7208555340766907,9,400,200
439,100.0,0.0,1.024608850479126,0.6479740142822266,1.024608850479126,0.6479740142822266,10,400,200
440,61.68470001220703,46.98836898803711,5.722544193267822,5.878148078918457,5.667420864105225,5.84746789932251,1,450,0
441,71.42678833007812,43.27017593383789,3.276242256164551,2.8834569454193115,3.261115312576294,2.874915361404419,2,450,0
442,74.0583724975586,41.86419677734375,2.2184507846832275,1.883696436882019,2.2114343643188477,1.879721760749817,3,450,0
443,77.81331634521484,40.25174331665039,1.7630621194839478,1.5312556028366089,1.7613446712493896,1.531733512878418,4,450,0
444,80.44489288330078,38.30002212524414,1.4447178840637207,1.195455551147461,1.4436254501342773,1.1958028078079224,5,450,0
445,84.39226531982422,34.798789978027344,1.2609039545059204,0.9709069728851318,1.260143756866455,0.9711973667144775,6,450,0
446,84.39226531982422,34.798789978027344,1.0813125371932983,0.8331454992294312,1.080755352973938,0.8333589434623718,7,450,0
447,85.70805358886719,33.44724655151367,0.9573628306388855,0.7219308614730835,0.9569401741027832,0.7221024632453918,8,450,0
448,86.99251556396484,32.068607330322266,0.8541881442070007,0.6389314532279968,0.8538563251495361,0.6390688419342041,9,450,0
449,86.99251556396484,32.068607330322266,0.7681271433830261,0.5748761296272278,0.7678592205047607,0.5749871730804443,10,450,0
450,54.3002815246582,48.161865234375,5.161465167999268,6.274420261383057,5.113661289215088,6.21609354019165,1,450,25
451,70.1169662475586,44.25893783569336,3.3470723628997803,3.195894718170166,3.336859941482544,3.187209129333496,2,450,25
452,77.6505355834961,40.08185958862305,2.3966217041015625,2.0474066734313965,2.3919317722320557,2.0437750816345215,3,450,25
453,84.75027465820312,34.568660736083984,1.9617385864257812,1.5576691627502441,1.9606542587280273,1.5581806898117065,4,450,25
454,87.3818588256836,31.70443344116211,1.6049827337265015,1.2209802865982056,1.6042938232421875,1.221340298652649,5,450,25
455,88.69764709472656,30.084321975708008,1.34044349193573,1.01002836227417,1.3399723768234253,1.0102823972702026,6,450,25
456,89.50225830078125,29.55340576171875,1.1676511764526367,0.8745622038841248,1.167441487312317,0.8747005462646484,7,450,25
457,91.12903594970703,27.985885620117188,1.0622129440307617,0.786636233329773,1.062191128730774,0.7866590023040771,8,450,25
458,91.12903594970703,27.985885620117188,0.944568932056427,0.6999424695968628,0.9445514678955078,0.699960470199585,9,450,25
459,92.44482421875,25.946950912475586,0.8577566742897034,0.6219735741615295,0.8577426075935364,0.6219885945320129,10,450,25
460,56.4636116027832,48.29354476928711,5.131326198577881,6.200474739074707,5.109574794769287,6.181396961212158,1,450,50
461,72.0805435180664,43.5059814453125,3.5079128742218018,3.4093618392944336,3.505124092102051,3.4100112915039062,2,450,50
462,78.28706359863281,40.7918586730957,2.5693869590759277,2.2634263038635254,2.5693347454071045,2.263472318649292,3,450,50
463,80.91864013671875,38.835182189941406,1.9637095928192139,1.6681621074676514,1.9636788368225098,1.6681900024414062,4,450,50
464,82.23443603515625,37.75016403198242,1.5839866399765015,1.3231191635131836,1.5839667320251465,1.3231377601623535,5,450,50
465,83.55022430419922,36.58573532104492,1.3275878429412842,1.0900073051452637,1.3275736570358276,1.0900206565856934,6,450,50
466,87.49758911132812,32.52790069580078,1.1726058721542358,0.9117386937141418,1.1725956201553345,0.9117491245269775,7,450,50
467,88.8133773803711,30.946002960205078,1.035578966140747,0.7891309857368469,1.0355710983276367,0.7891391515731812,8,450,50
468,92.72942352294922,25.32564926147461,0.9421833157539368,0.6835523843765259,0.9421772360801697,0.6835588812828064,9,450,50
469,94.04521179199219,22.961084365844727,0.8595667481422424,0.6094309687614441,0.8595617413520813,0.6094365119934082,10,450,50
470,54.47287368774414,48.46628189086914,4.963918685913086,6.033747673034668,4.910550117492676,5.906055450439453,1,450,75
471,67.3147964477539,45.35030746459961,3.144430160522461,3.1114490032196045,3.1319315433502197,3.093508720397949,2,450,75
472,77.00161743164062,40.316558837890625,2.3409698009490967,2.0029594898223877,2.33510160446167,1.9928538799285889,3,450,75
473,82.26477813720703,36.242191314697266,1.901847243309021,1.4783804416656494,1.898557186126709,1.4729397296905518,4,450,75
474,87.5279312133789,30.759817123413086,1.571465253829956,1.1296474933624268,1.5693655014038086,1.12611985206604,5,450,75
475,90.15951538085938,27.234642028808594,1.3539539575576782,0.9294532537460327,1.3525049686431885,0.92706298828125,6,450,75
476,90.6060562133789,27.11384391784668,1.1740100383758545,0.8193594813346863,1.1732208728790283,0.8179454207420349,7,450,75
477,90.6060562133789,27.11384391784668,1.0297812223434448,0.7227633595466614,1.0291694402694702,0.7216529846191406,8,450,75
478,94.55342102050781,19.9751033782959,0.9454931020736694,0.6171289682388306,0.945009708404541,0.6162388920783997,9,450,75
479,94.55342102050781,19.9751033782959,0.851446270942688,0.554683268070221,0.8510541319847107,0.5539606809616089,10,450,75
480,56.54789733886719,46.4404182434082,5.155907154083252,5.614516735076904,5.085745811462402,5.596550464630127,1,450,100
481,72.7523422241211,41.41243362426758,3.314234972000122,3.0799524784088135,3.2982177734375,3.074376106262207,2,450,100
482,79.28516387939453,37.117340087890625,2.353221893310547,1.9680322408676147,2.345555543899536,1.96593177318573,3,450,100
483,82.84175872802734,34.91748046875,1.8401519060134888,1.4978293180465698,1.8370033502578735,1.4980021715164185,4,450,100
484,85.70553588867188,32.2807731628418,1.513458490371704,1.1766884326934814,1.5114402770996094,1.1768425703048706,5,450,100
485,88.08152770996094,29.78799819946289,1.3097072839736938,0.9735612869262695,1.3084172010421753,0.973631739616394,6,450,100
486,88.08152770996094,29.78799819946289,1.121525764465332,0.830990731716156,1.1205673217773438,0.8310357332229614,7,450,100
487,90.7131118774414,26.076242446899414,1.0169425010681152,0.7203050255775452,1.016184687614441,0.7203529477119446,8,450,100
488,92.947265625,22.82101058959961,0.9277873039245605,0.6305657625198364,0.9272397756576538,0.6305838823318481,9,450,100
489,94.26305389404297,20.150630950927734,0.8407579660415649,0.5572795271873474,0.8403151035308838,0.5573005676269531,10,450,100
490,74.39938354492188,41.29683303833008,6.545864582061768,6.151700019836426,6.504427909851074,6.111536502838135,1,450,125
491,84.92594146728516,33.4416618347168,3.8564090728759766,2.9561543464660645,3.845435619354248,2.946300745010376,2,450,125
492,88.40962219238281,29.8813533782959,2.711679220199585,2.0061051845550537,2.7080137729644775,2.0016512870788574,3,450,125
493,90.7419662475586,27.296724319458008,2.09527850151062,1.4824998378753662,2.093477249145508,1.479819655418396,4,450,125
494,93.85811614990234,22.686511993408203,1.7309664487838745,1.1840721368789673,1.730401873588562,1.1829774379730225,5,450,125
495,94.3705825805664,22.377470016479492,1.4542666673660278,0.9960900545120239,1.4539265632629395,0.9952077269554138,6,450,125
496,95.68637084960938,19.551345825195312,1.2642077207565308,0.8430308103561401,1.2639611959457397,0.8423886895179749,7,450,125
497,95.95173645019531,19.471057891845703,1.1113792657852173,0.7396637797355652,1.1112377643585205,0.739187479019165,8,450,125
498,95.95173645019531,19.471057891845703,0.9901921153068542,0.6615012884140015,0.9900800585746765,0.6611266732215881,9,450,125
499,98.58331298828125,11.416897773742676,0.9104975461959839,0.5758679509162903,0.9104078412055969,0.5755635499954224,10,450,125
500,73.03356170654297,41.20988845825195,6.6182026863098145,5.96035623550415,6.558748722076416,5.920823097229004,1,450,150
501,81.47396850585938,35.6099967956543,3.7299435138702393,3.084873676300049,3.7212276458740234,3.081070899963379,2,450,150
502,85.42133331298828,31.686141967773438,2.6204423904418945,2.001713514328003,2.6164777278900146,2.000074863433838,3,450,150
503,88.6738510131836,28.42340087890625,2.0258541107177734,1.471730351448059,2.023970127105713,1.47086763381958,4,450,150
504,91.98226165771484,23.956506729125977,1.711472749710083,1.231703519821167,1.7111639976501465,1.2319029569625854,5,450,150
505,93.396240234375,21.500627517700195,1.4505411386489868,1.0146361589431763,1.4503412246704102,1.0147751569747925,6,450,150
506,94.95943450927734,20.314992904663086,1.2537025213241577,0.8601365685462952,1.2536064386367798,0.860198438167572,7,450,150
507,94.95943450927734,20.314992904663086,1.0967793464660645,0.7526941895484924,1.0967063903808594,0.7527412176132202,8,450,150
508,94.95943450927734,20.314992904663086,0.9757348299026489,0.6693055629730225,0.9756760597229004,0.6693428754806519,9,450,150
509,96.0839614868164,19.318653106689453,0.8893229961395264,0.6011765003204346,0.8893228769302368,0.6011766791343689,10,450,150
510,72.5843276977539,41.88222885131836,6.281202793121338,5.731015205383301,6.231908798217773,5.7045440673828125,1,450,175
511,87.5395736694336,30.30660057067871,3.8830173015594482,2.9271557331085205,3.8752007484436035,2.9208500385284424,2,450,175
512,92.2394790649414,24.423744201660156,2.8479607105255127,2.0056586265563965,2.8460352420806885,2.0045619010925293,3,450,175
513,94.87105560302734,19.164575576782227,2.1881630420684814,1.4661223888397217,2.187063694000244,1.4655314683914185,4,450,175
514,94.87105560302734,19.164575576782227,1.751242995262146,1.1699334383010864,1.7505420446395874,1.1695612668991089,5,450,175
515,94.87105560302734,19.164575576782227,1.45901358127594,0.9728049039840698,1.4585269689559937,0.9725480675697327,6,450,175
516,95.73920440673828,17.836833953857422,1.2580140829086304,0.8272915482521057,1.257670283317566,0.8270882368087769,7,450,175
517,95.73920440673828,17.836833953857422,1.1019244194030762,0.7276750206947327,1.1016640663146973,0.7275230884552002,8,450,175
518,96.75328826904297,14.181151390075684,0.9897955656051636,0.6405107378959656,0.9895731210708618,0.6404003500938416,9,450,175
519,96.75328826904297,14.181151390075684,0.8894954323768616,0.5749885439872742,0.8893154263496399,0.5748979449272156,10,450,175
520,74.09712219238281,41.84896469116211,6.531192302703857,5.494342803955078,6.471467018127441,5.466984748840332,1,450,200
521,89.76114654541016,29.053354263305664,4.161665916442871,3.1346471309661865,4.159085750579834,3.1343512535095215,2,450,200
522,93.44314575195312,22.727828979492188,2.8653600215911865,2.006402015686035,2.863870859146118,2.006263017654419,3,450,200
523,96.0747299194336,16.762489318847656,2.1874468326568604,1.4726972579956055,2.186602830886841,1.4726378917694092,4,450,200
524,97.68055725097656,12.370796203613281,1.770743727684021,1.1694746017456055,1.7702773809432983,1.1694200038909912,5,450,200
525,99.43679809570312,3.4316518306732178,1.5015498399734497,0.9597044587135315,1.5013349056243896,0.9596484899520874,6,450,200
526,99.43679809570312,3.4316518306732178,1.2884209156036377,0.8244638442993164,1.2882630825042725,0.8244231939315796,7,450,200
527,99.43679809570312,3.4316518306732178,1.1264066696166992,0.718420147895813,1.1262857913970947,0.718388557434082,8,450,200
528,99.43679809570312,3.4316518306732178,1.0013984441757202,0.6380935311317444,1.0013031959533691,0.6380687952041626,9,450,200
529,99.43679809570312,3.4316518306732178,0.9006454348564148,0.5730990767478943,0.9005687832832336,0.5730797052383423,10,450,200
530,74.9887466430664,42.26619338989258,6.661734104156494,5.8924102783203125,6.621334075927734,5.825122833251953,1,450,225
531,91.75566101074219,25.764347076416016,4.19345235824585,3.0150628089904785,4.188174724578857,3.012259006500244,2,450,225
532,93.51798248291016,23.302818298339844,2.853485107421875,2.0321526527404785,2.852508068084717,2.032423734664917,3,450,225
533,94.83377075195312,20.658388137817383,2.181030511856079,1.5024513006210327,2.1804802417755127,1.5026253461837769,4,450,225
534,96.95417785644531,16.229597091674805,1.7874966859817505,1.1981573104858398,1.7874186038970947,1.1981385946273804,5,450,225
535,96.95417785644531,16.229597091674805,1.4881410598754883,0.9958928227424622,1.488086223602295,0.9958792328834534,6,450,225
536,97.30174255371094,16.006723403930664,1.2758458852767944,0.8516600728034973,1.275818943977356,0.8516384959220886,7,450,225
537,98.6175308227539,11.402000427246094,1.1296190023422241,0.733934760093689,1.1295982599258423,0.7339182496070862,8,450,225
538,99.9333267211914,0.5774527192115784,1.0131993293762207,0.6441353559494019,1.0131829977035522,0.644122302532196,9,450,225
539,99.9333267211914,0.5774527192115784,0.9114730358123779,0.5794010758399963,0.911459743976593,0.5793904066085815,10,450,225
540,57.56393814086914,47.98725128173828,5.112707614898682,5.89237117767334,5.079991340637207,5.874117374420166,1,500,0
541,69.10480499267578,44.95674133300781,3.0258255004882812,3.0595924854278564,3.0209925174713135,3.056258201599121,2,500,0
542,76.99954223632812,40.70782470703125,2.1962642669677734,1.968545913696289,2.1940882205963135,1.967122197151184,3,500,0
543,79.6311264038086,38.83424377441406,1.6829581260681152,1.4533764123916626,1.6817314624786377,1.4525868892669678,4,500,0
544,89.71162414550781,29.076629638671875,1.4892467260360718,1.1325010061264038,1.4889237880706787,1.1324653625488281,5,500,0
545,90.1520767211914,28.975427627563477,1.2483166456222534,0.942709743976593,1.248177409172058,0.9426764845848083,6,500,0
546,93.12322235107422,24.84644889831543,1.1025800704956055,0.7861774563789368,1.1025023460388184,0.7861459851264954,7,500,0
547,93.12322235107422,24.84644889831543,0.9659183621406555,0.6881222128868103,0.9658586382865906,0.6880978941917419,8,500,0
548,94.43901062011719,22.40831756591797,0.870335042476654,0.6022096872329712,0.8702876567840576,0.6021910309791565,9,500,0
549,97.07058715820312,16.165328979492188,0.7966731786727905,0.5316588878631592,0.7966348528862,0.5316444039344788,10,500,0
550,54.982215881347656,48.835296630859375,4.617044448852539,5.684164047241211,4.600941181182861,5.67146635055542,1,500,25
551,69.36624145507812,45.74102783203125,2.8746585845947266,2.8833279609680176,2.8737215995788574,2.882692575454712,2,500,25
552,71.9978256225586,44.535255432128906,1.9923779964447021,1.909551978111267,1.9919638633728027,1.909287452697754,3,500,25
553,74.62940216064453,43.13566589355469,1.5907037258148193,1.5096931457519531,1.5904663801193237,1.5095605850219727,4,500,25
554,79.8925552368164,39.67024230957031,1.3535228967666626,1.1780550479888916,1.3533709049224854,1.177978515625,5,500,25
555,82.52413940429688,37.54295349121094,1.1651743650436401,0.9716984033584595,1.1650673151016235,0.9716467261314392,6,500,25
556,87.78729248046875,32.23992919921875,1.0497592687606812,0.8056972622871399,1.0496793985366821,0.8056614398956299,7,500,25
557,91.73466491699219,26.935306549072266,0.945321261882782,0.6833512187004089,0.9452601075172424,0.6833251714706421,8,500,25
558,93.13816833496094,24.790685653686523,0.8454947471618652,0.6007996797561646,0.8454464077949524,0.6007784605026245,9,500,25
559,93.13816833496094,24.790685653686523,0.7600778937339783,0.5402791500091553,0.7600388526916504,0.5402619242668152,10,500,25
560,63.53349685668945,46.48338317871094,5.340988636016846,5.31226110458374,5.293766021728516,5.278232097625732,1,500,50
561,72.23140716552734,43.225440979003906,2.992119550704956,2.6136670112609863,2.9808969497680664,2.60664439201355,2,500,50
562,75.94657897949219,40.86963653564453,2.047339916229248,1.6977001428604126,2.042111873626709,1.694532871246338,3,500,50
563,79.7015151977539,39.03510284423828,1.6243079900741577,1.3766868114471436,1.6231735944747925,1.3770337104797363,4,500,50
564,81.24951171875,38.059295654296875,1.3191181421279907,1.082891583442688,1.3184136152267456,1.0831226110458374,5,500,50
565,85.1968765258789,34.44157028198242,1.1503390073776245,0.8786152005195618,1.1498515605926514,0.8788070678710938,6,500,50
566,85.1968765258789,34.44157028198242,0.9866519570350647,0.7541230320930481,0.9862957000732422,0.7542640566825867,7,500,50
567,86.5126724243164,33.04340744018555,0.8732320070266724,0.6532171368598938,0.8729617595672607,0.6533301472663879,8,500,50
568,87.79713439941406,31.6145076751709,0.77910977602005,0.5780555009841919,0.7788984775543213,0.5781457424163818,9,500,50
569,87.79713439941406,31.6145076751709,0.7007091641426086,0.5202673673629761,0.7005388140678406,0.5203402638435364,10,500,50
570,54.3002815246582,48.161865234375,4.643111228942871,5.629907131195068,4.604303359985352,5.582805156707764,1,500,75
571,70.48140716552734,44.11376190185547,3.0298800468444824,2.8669891357421875,3.021592140197754,2.8592538833618164,2,500,75
572,78.01498413085938,39.852664947509766,2.1729626655578613,1.8396214246749878,2.1691484451293945,1.83616304397583,3,500,75
573,85.1147232055664,34.227134704589844,1.7772401571273804,1.3992868661880493,1.7763651609420776,1.3994669914245605,4,500,75
574,87.74629974365234,31.30107879638672,1.454310417175293,1.097610354423523,1.4537575244903564,1.0977495908737183,5,500,75
575,89.06208801269531,29.64276885986328,1.2146780490875244,0.9080725908279419,1.214301347732544,0.9081786870956421,6,500,75
576,89.50225830078125,29.55340576171875,1.0518807172775269,0.788196325302124,1.0517102479934692,0.7883085608482361,7,500,75
577,91.12903594970703,27.985885620117188,0.957531750202179,0.7099660038948059,0.9575141072273254,0.7099844813346863,8,500,75
578,91.12903594970703,27.985885620117188,0.8514736294746399,0.6312812566757202,0.8514596223831177,0.631295919418335,9,500,75
579,92.44482421875,25.946950912475586,0.7731688618659973,0.5608063340187073,0.77315753698349,0.5608184337615967,10,500,75
580,58.7934684753418,48.16608810424805,4.760862827301025,5.538607120513916,4.744065761566162,5.5223283767700195,1,500,100
581,74.41041564941406,42.517120361328125,3.2330996990203857,3.039196491241455,3.2311174869537354,3.039548397064209,2,500,100
582,79.60285186767578,39.84727096557617,2.3333380222320557,2.01536226272583,2.33329439163208,2.0154013633728027,3,500,100
583,80.91864013671875,38.835182189941406,1.767695426940918,1.5013796091079712,1.7676700353622437,1.5014026165008545,4,500,100
584,82.23443603515625,37.75016403198242,1.4274591207504272,1.1949232816696167,1.4274429082870483,1.1949381828308105,5,500,100
585,83.55022430419922,36.58573532104492,1.197019100189209,0.9846920371055603,1.1970075368881226,0.9847029447555542,6,500,100
586,87.49758911132812,32.52790069580078,1.0573387145996094,0.8234166502952576,1.0573301315307617,0.8234251141548157,7,500,100
587,88.8133773803711,30.946002960205078,0.9340558052062988,0.712940514087677,0.9340493083000183,0.7129471302032471,8,500,100
588,92.72942352294922,25.32564926147461,0.8503314852714539,0.6177268624305725,0.850326418876648,0.6177322268486023,9,500,100
589,94.04521179199219,22.961084365844727,0.7758529782295227,0.5506497025489807,0.7758488655090332,0.5506542921066284,10,500,100
590,54.47287368774414,48.46628189086914,4.467254638671875,5.425002574920654,4.424013137817383,5.321811676025391,1,500,125
591,67.3147964477539,45.35030746459961,2.823887825012207,2.7939071655273438,2.8138082027435303,2.77948260307312,2,500,125
592,77.00161743164062,40.316558837890625,2.1036250591278076,1.7975027561187744,2.098875045776367,1.7893189191818237,3,500,125
593,82.26477813720703,36.242191314697266,1.7097707986831665,1.3269914388656616,1.7071136236190796,1.3225979804992676,4,500,125
594,87.5279312133789,30.759817123413086,1.4133409261703491,1.0169272422790527,1.411634922027588,1.0140469074249268,5,500,125
595,90.15951538085938,27.234642028808594,1.2173458337783813,0.8359721302986145,1.216168999671936,0.8340198397636414,6,500,125
596,90.6060562133789,27.11384391784668,1.0555620193481445,0.7366197109222412,1.0549232959747314,0.7354753613471985,7,500,125
597,90.6060562133789,27.11384391784668,0.926180362701416,0.6502096652984619,0.9256854057312012,0.6493126153945923,8,500,125
598,94.55342102050781,19.9751033782959,0.8505628705024719,0.5549646019935608,0.8501721620559692,0.5542463064193726,9,500,125
599,94.55342102050781,19.9751033782959,0.7660918235778809,0.49858060479164124,0.7657744288444519,0.49799540638923645,10,500,125
600,57.7257080078125,46.4607048034668,4.7529802322387695,5.0832672119140625,4.694705963134766,5.06331729888916,1,500,150
601,75.31440734863281,40.425418853759766,3.05458664894104,2.7463674545288086,3.0418925285339355,2.7418553829193115,2,500,150
602,79.77294921875,36.84218978881836,2.134568929672241,1.7620878219604492,2.1281325817108154,1.7602605819702148,3,500,150
603,83.32954406738281,34.574710845947266,1.6683934926986694,1.3404825925827026,1.6657270193099976,1.3405464887619019,4,500,150
604,85.96112060546875,31.828710556030273,1.3695358037948608,1.0539307594299316,1.3678110837936401,1.0540167093276978,5,500,150
605,88.08152770996094,29.78799819946289,1.179701805114746,0.8755319714546204,1.1786513328552246,0.875586986541748,6,500,150
606,88.08152770996094,29.78799819946289,1.0102697610855103,0.7476394176483154,1.0094900131225586,0.747674286365509,7,500,150
607,90.7131118774414,26.076242446899414,0.916891872882843,0.6493807435035706,0.9162718057632446,0.6494150757789612,8,500,150
608,92.947265625,22.82101058959961,0.8367463946342468,0.568455696105957,0.8362984657287598,0.5684679746627808,9,500,150
609,94.26305389404297,20.150630950927734,0.7583768963813782,0.5024092793464661,0.7580150365829468,0.5024248957633972,10,500,150
610,74.39938354492188,41.29683303833008,5.909491539001465,5.542873382568359,5.875352382659912,5.510097026824951,1,500,175
611,84.92594146728516,33.4416618347168,3.4746763706207275,2.6626594066619873,3.465684652328491,2.654702663421631,2,500,175
612,88.40962219238281,29.8813533782959,2.4431822299957275,1.8060119152069092,2.4401824474334717,1.8024307489395142,3,500,175
613,90.7419662475586,27.296724319458008,1.8891593217849731,1.3346995115280151,1.887695550918579,1.3325529098510742,4,500,175
614,93.85811614990234,22.686511993408203,1.5612444877624512,1.066636562347412,1.560787558555603,1.0657658576965332,5,500,175
615,94.3705825805664,22.377470016479492,1.3125741481781006,0.9000787734985352,1.312293529510498,0.8993437886238098,6,500,175
616,95.68637084960938,19.551345825195312,1.1417752504348755,0.7616183757781982,1.1415718793869019,0.7610852122306824,7,500,175
617,95.95173645019531,19.471057891845703,1.0040446519851685,0.6682780981063843,1.003928780555725,0.6678879261016846,8,500,175
618,95.95173645019531,19.471057891845703,0.8953856229782104,0.5990757942199707,0.8952940702438354,0.598770260810852,9,500,175
619,98.58331298828125,11.416897773742676,0.8239257335662842,0.5220263600349426,0.8238524198532104,0.5217781662940979,10,500,175
620,73.03356170654297,41.20988845825195,5.958283424377441,5.362345218658447,5.909234046936035,5.328909397125244,1,500,200
621,81.47396850585938,35.6099967956543,3.3539299964904785,2.774709463119507,3.346849203109741,2.771587371826172,2,500,200
622,85.42133331298828,31.686141967773438,2.357358455657959,1.8024221658706665,2.35414719581604,1.801093339920044,3,500,200
623,88.6738510131836,28.42340087890625,1.8225232362747192,1.324447751045227,1.8210017681121826,1.3237545490264893,4,500,200
624,91.98226165771484,23.956506729125977,1.540353775024414,1.109578251838684,1.5401029586791992,1.109740138053894,5,500,200
625,93.396240234375,21.500627517700195,1.3058642148971558,0.9136814475059509,1.3057018518447876,0.9137945175170898,6,500,200
626,94.95943450927734,20.314992904663086,1.1285885572433472,0.7747974395751953,1.1285104751586914,0.7748476266860962,7,500,200
627,94.95943450927734,20.314992904663086,0.9873375296592712,0.6781724691390991,0.9872778654098511,0.6782106757164001,8,500,200
628,94.95943450927734,20.314992904663086,0.8785403370857239,0.6030586957931519,0.8784924745559692,0.6030890941619873,9,500,200
629,96.0839614868164,19.318653106689453,0.800926685333252,0.5415863990783691,0.8009265065193176,0.5415865182876587,10,500,200
630,72.5843276977539,41.88222885131836,5.662832736968994,5.153789520263672,5.6223883628845215,5.132211208343506,1,500,225
631,87.5395736694336,30.30660057067871,3.4997687339782715,2.634986400604248,3.4934463500976562,2.629948139190674,2,500,225
632,92.2394790649414,24.423744201660156,2.566157579421997,1.8032511472702026,2.564593553543091,1.8023779392242432,3,500,225
633,94.87105560302734,19.164575576782227,1.9745445251464844,1.3223695755004883,1.9736506938934326,1.3218982219696045,4,500,225
634,94.87105560302734,19.164575576782227,1.5801714658737183,1.055205225944519,1.57960045337677,1.054904818534851,5,500,225
635,94.87105560302734,19.164575576782227,1.3169832229614258,0.8783133029937744,1.3165861368179321,0.8781049251556396,6,500,225
636,95.73920440673828,17.836833953857422,1.1359061002731323,0.7470733523368835,1.1356251239776611,0.746907114982605,7,500,225
637,95.73920440673828,17.836833953857422,0.9952592253684998,0.6580231189727783,0.9950470328330994,0.6578996777534485,8,500,225
638,96.75328826904297,14.181151390075684,0.8939986824989319,0.5787708163261414,0.8938171863555908,0.5786808729171753,9,500,225
639,96.75328826904297,14.181151390075684,0.8035016655921936,0.5194765329360962,0.8033545613288879,0.5194019675254822,10,500,225
640,75.5469741821289,41.12662887573242,5.972930908203125,4.919452667236328,5.92590856552124,4.899643421173096,1,500,250
641,89.76114654541016,29.053354263305664,3.750051498413086,2.821657419204712,3.747938394546509,2.8214194774627686,2,500,250
642,93.44314575195312,22.727828979492188,2.579982042312622,1.8035880327224731,2.5787689685821533,1.8034725189208984,3,500,250
643,96.0747299194336,16.762489318847656,1.9680274724960327,1.323473334312439,1.9673426151275635,1.3234248161315918,4,500,250
644,97.68055725097656,12.370796203613281,1.5948833227157593,1.0533850193023682,1.5945054292678833,1.0533415079116821,5,500,250
645,99.43679809570312,3.4316518306732178,1.3529164791107178,0.8644897937774658,1.3527408838272095,0.864443302154541,6,500,250
646,99.43679809570312,3.4316518306732178,1.1613826751708984,0.7449878454208374,1.1612539291381836,0.744954526424408,7,500,250
647,99.43679809570312,3.4316518306732178,1.0151199102401733,0.6486049294471741,1.0150213241577148,0.6485787630081177,8,500,250
648,99.43679809570312,3.4316518306732178,0.9024665355682373,0.5760161876678467,0.9023889303207397,0.5759959816932678,9,500,250
649,99.43679809570312,3.4316518306732178,0.8117766380310059,0.5174877643585205,0.8117142915725708,0.5174718499183655,10,500,250
